{"web":{"client_id":"810840116642-c3snbc808k3ugma6st4oln3dvk84rr93.apps.googleusercontent.com","project_id":"hmc-room-draw","auth_uri":"https://accounts.google.com/o/oauth2/auth","token_uri":"https://accounts.google.com/o/oauth2/token","auth_provider_x509_cert_url":"https://www.googleapis.com/oauth2/v1/certs","client_secret":"XhnAjQsjl6U8iR7Nmnn2vJOm","redirect_uris":["http://ec2-13-59-253-122.us-east-2.compute.amazonaws.com/auth/google_oauth2/callback","http://localhost:3000/auth/google_oauth2/callback"]}}